Workbook

Sheet 1. Slug_Pagine statiche_ITA
A1: AG Trustees – Architettura URL e slug
A2: Dominio canonico (da confermare): | C2: https://agtrustees.it | E2: Legenda: celle gialle = input modificabili. Stato arancione = decisione aperta (vedi foglio 4). Righe grigie = URL riservate per la fase 2, non al lancio. Fonte struttura: Architettura_informativa_AGtrustees.docx; criteri SEO: proposta tecnica SEO/GEO v1.0.
A4: ID | B4: Sezione menu | C4: Pagina | D4: Tipo | E4: Livello | F4: Pagina padre | G4: Slug | H4: Percorso IT | I4: URL completo | J4: Al lancio | K4: Stato | L4: Fonte in architettura
A5: P01 | B5: Home | C5: Home | D5: Pagina | E5: 0 | F5: – | H5: / | I5: =IF(OR(H5="",H5="–"),"",$C$2&H5) -> https://agtrustees.it/ | J5: Sì | K5: Proposta | L5: Menu 1; spec Home
A6: P02 | B6: Chi siamo | C6: Chi siamo | D6: Pagina | E6: 1 | F6: – | G6: chi-siamo | H6: /chi-siamo/ | I6: =IF(OR(H6="",H6="–"),"",$C$2&H6) -> https://agtrustees.it/chi-siamo/ | J6: Sì | K6: Proposta | L6: Menu 2; spec Chi siamo
A7: P03 | B7: Chi siamo | C7: Galvani Fiduciaria e Argos Trustees (nascita di AG Trustees) | D7: Pagina | E7: 2 | F7: /chi-siamo/ | G7: galvani-fiduciaria-argos-trustees | H7: /chi-siamo/galvani-fiduciaria-argos-trustees/ | I7: =IF(OR(H7="",H7="–"),"",$C$2&H7) -> https://agtrustees.it/chi-siamo/galvani-fiduciaria-argos-trustees/ | J7: Sì | K7: Da decidere | L7: Menu: 'Argos e Galvani Fiduciaria'. Spec: sezione 'Come nasce AG Trustees' dentro Chi siamo
A8: P04 | B8: Chi siamo | C8: Visione e metodologia | D8: Pagina | E8: 2 | F8: /chi-siamo/ | G8: visione-metodologia | H8: /chi-siamo/visione-metodologia/ | I8: =IF(OR(H8="",H8="–"),"",$C$2&H8) -> https://agtrustees.it/chi-siamo/visione-metodologia/ | J8: Sì | K8: Proposta | L8: Menu + spec dedicata
A9: P05 | B9: Chi siamo | C9: Team | D9: Pagina / listing | E9: 2 | F9: /chi-siamo/ | G9: team | H9: /chi-siamo/team/ | I9: =IF(OR(H9="",H9="–"),"",$C$2&H9) -> https://agtrustees.it/chi-siamo/team/ | J9: Sì | K9: Proposta | L9: Menu 'Il team'; spec Chi siamo §7
A10: P06 | B10: Chi siamo | C10: Profilo membro del team | D10: Template | E10: 3 | F10: /chi-siamo/team/ | G10: [nome-cognome] | H10: /chi-siamo/team/[nome-cognome]/ | I10: =IF(OR(H10="",H10="–"),"",$C$2&H10) -> https://agtrustees.it/chi-siamo/team/[nome-cognome]/ | J10: Sì | K10: Proposta | L10: Spec: profilo con bio, competenze, articoli collegati
A11: P07 | B11: Servizi | C11: Servizi | D11: Pagina | E11: 1 | F11: – | G11: servizi | H11: /servizi/ | I11: =IF(OR(H11="",H11="–"),"",$C$2&H11) -> https://agtrustees.it/servizi/ | J11: Sì | K11: Proposta | L11: Menu 3; spec Servizi (pagina unica a sezioni)
A12: P08 | B12: Servizi | C12: Family office | D12: Pagina | E12: 2 | F12: /servizi/ | G12: family-office | H12: /servizi/family-office/ | I12: =IF(OR(H12="",H12="–"),"",$C$2&H12) -> https://agtrustees.it/servizi/family-office/ | J12: Sì | K12: Da decidere | L12: Menu; spec pagina Family office
A13: P09 | B13: Trust | C13: Trust | D13: Pagina pilastro | E13: 1 | F13: – | G13: trust | H13: /trust/ | I13: =IF(OR(H13="",H13="–"),"",$C$2&H13) -> https://agtrustees.it/trust/ | J13: Sì | K13: Proposta | L13: Menu 4; spec Trust
A14: P10 | B14: Patrimonio | C14: Patrimonio | D14: Pagina | E14: 1 | F14: – | G14: patrimonio | H14: /patrimonio/ | I14: =IF(OR(H14="",H14="–"),"",$C$2&H14) -> https://agtrustees.it/patrimonio/ | J14: Sì | K14: Proposta | L14: Menu 5; spec Patrimonio
A15: P11 | B15: AG Informa | C15: AG Informa | D15: Listing | E15: 1 | F15: – | G15: ag-informa | H15: /ag-informa/ | I15: =IF(OR(H15="",H15="–"),"",$C$2&H15) -> https://agtrustees.it/ag-informa/ | J15: Sì | K15: Proposta | L15: Menu 6; spec AG Informa
A16: P12 | B16: AG Informa | C16: Articolo | D16: Template | E16: 2 | F16: /ag-informa/ | G16: [slug-articolo] | H16: /ag-informa/[slug-articolo]/ | I16: =IF(OR(H16="",H16="–"),"",$C$2&H16) -> https://agtrustees.it/ag-informa/[slug-articolo]/ | J16: Sì | K16: Proposta | L16: Spec AG Informa
A17: P13 | B17: Eventi | C17: Eventi e formazione | D17: Listing filtrato | E17: 1 | F17: /eventi-in-agenda/ | G17: eventi-in-agenda | H17: /eventi-in-agenda/ | I17: =IF(OR(H17="",H17="–"),"",$C$2&H17) -> https://agtrustees.it/eventi-in-agenda/ | J17: Sì | K17: Da decidere | L17: Menu: 'Eventi' voce di 1° livello. Spec: tab/calendario dentro AG Informa
... A28: P24 | B28: Footer | C28: Richiesta di accesso ai dati | D28: Pagina legale | E28: 1 | F28: – | G28: richiesta-accesso-dati | H28: /richiesta-accesso-dati/ | I28: =IF(OR(H28="",H28="–"),"",$C$2&H28) -> https://agtrustees.it/richiesta-accesso-dati/ | J28: Da decidere | K28: Da decidere | L28: Footer: 'Data access request ??'
A29: P25 | B29: Utility | C29: Pagina 404 | D29: Utility | E29: – | F29: – | G29: – | H29: – | I29: =IF(OR(H29="",H29="–"),"",$C$2&H29) | J29: Sì | K29: Proposta | L29: –
A30: P26 | B30: Informazioni socetarie

Sheet 2. Campi SEO_Pagine statiche_IT
A1: Campi SEO per Strapi – BOZZE da validare con dati keyword (SEOZoom / Search Console)
A2: Title: indicativamente ≤ 60 caratteri (rosso se oltre). Description: 120–155 caratteri (rosso se fuori range). Registro: 'lei' o impersonale, niente toni promozionali (manuale di verbal identity). Le keyword indicate vengono dai termini strategici della proposta SEO/GEO, non da volumi verificati. {graffe} = campo dinamico del template. Nome: 'AG Trustees' nei title; 'Across Galvani Trustees' solo come legalName e nei contesti istituzionali (manuale, Brand name). CTA: dirette e non promozionali, con il 'tu', unica eccezione al 'lei', es. 'Richiedi un appuntamento con un professionista' (manuale, regole 5 e 16).
A4: ID | B4: Pagina | C4: Percorso (da foglio 1) | D4: Keywords | E4: Meta title (bozza) | F4: Car. title | G4: Meta description (bozza) | H4: Car. desc. | I4: Meta robots | J4: Social Meta Title | K4: Social Meta Description
A5: P01 | B5: Home | C5: {=IFERROR(INDEX('1. Slug_Pagine statiche_ITA'!$H:$H,MATCH(A5,'1. Slug_Pagine statiche_ITA'!$A:$A,0)),"")} -> / | E5: Trust company e trustee professionale | AG Trustees | F5: =IF(OR(E5="",E5="–"),"",LEN(E5)) -> 51 | G5: AG Trustees affianca famiglie, imprenditori e professionisti nell'istituzione e nell'amministrazione di trust e nella tutela del patrimonio. | H5: =IF(OR(G5="",G5="–"),"",LEN(G5)) -> 140 | I5: index, follow
A6: P02 | B6: Chi siamo | C6: {=IFERROR(INDEX('1. Slug_Pagine statiche_ITA'!$H:$H,MATCH(A6,'1. Slug_Pagine statiche_ITA'!$A:$A,0)),"")} -> /chi-siamo/ | E6: Chi siamo: trust company indipendente | AG Trustees | F6: =IF(OR(E6="",E6="–"),"",LEN(E6)) -> 51 | G6: AG Trustees è una trust company italiana nata dall'integrazione di Galvani Fiduciaria e Argos Trustees, dedicata all'amministrazione di trust. | H6: =IF(OR(G6="",G6="–"),"",LEN(G6)) -> 142 | I6: index, follow
A7: P03 | B7: Galvani Fiduciaria e Argos Trustees | C7: {=IFERROR(INDEX('1. Slug_Pagine statiche_ITA'!$H:$H,MATCH(A7,'1. Slug_Pagine statiche_ITA'!$A:$A,0)),"")} -> /chi-siamo/galvani-fiduciaria-argos-trustees/ | E7: Galvani Fiduciaria e Argos Trustees: nasce AG Trustees | F7: =IF(OR(E7="",E7="–"),"",LEN(E7)) -> 54 | G7: Come nasce AG Trustees, quale esperienza confluisce dalle due società e come proseguono incarichi e rapporti con clienti e professionisti. | H7: =IF(OR(G7="",G7="–"),"",LEN(G7)) -> 138 | I7: index, follow
A8: P04 | B8: Visione e metodologia | C8: {=IFERROR(INDEX('1. Slug_Pagine statiche_ITA'!$H:$H,MATCH(A8,'1. Slug_Pagine statiche_ITA'!$A:$A,0)),"")} -> /chi-siamo/visione-metodologia/ | E8: Visione e metodo di lavoro | AG Trustees | F8: =IF(OR(E8="",E8="–"),"",LEN(E8)) -> 40 | G8: Comprendere, amministrare, accompagnare: i principi e il metodo con cui AG Trustees assume e gestisce ogni incarico di trustee. | H8: =IF(OR(G8="",G8="–"),"",LEN(G8)) -> 127 | I8: index, follow
A9: P05 | B9: Team | C9: {=IFERROR(INDEX('1. Slug_Pagine statiche_ITA'!$H:$H,MATCH(A9,'1. Slug_Pagine statiche_ITA'!$A:$A,0)),"")} -> /chi-siamo/team/ | E9: Il team: professionisti del trust | AG Trustees | F9: =IF(OR(E9="",E9="–"),"",LEN(E9)) -> 47 | G9: Le persone di AG Trustees: competenze legali, fiscali e amministrative al servizio di trust, passaggio generazionale e tutela del patrimonio. | H9: =IF(OR(G9="",G9="–"),"",LEN(G9)) -> 141 | I9: index, follow
A10: P06 | B10: Profilo team (template) | C10: {=IFERROR(INDEX('1. Slug_Pagine statiche_ITA'!$H:$H,MATCH(A10,'1. Slug_Pagine statiche_ITA'!$A:$A,0)),"")} -> /chi-siamo/team/[nome-cognome]/ | E10: {Nome Cognome}, {ruolo} | AG Trustees | F10: =IF(OR(E10="",E10="–"),"",LEN(E10)) -> 37 | G10: {Nome Cognome}, {ruolo} di AG Trustees: competenze, esperienze e contenuti pubblicati su trust e patrimonio. | H10: =IF(OR(G10="",G10="–"),"",LEN(G10)) -> 108 | I10: index, follow
A11: P07 | B11: Servizi | C11: {=IFERROR(INDEX('1. Slug_Pagine statiche_ITA'!$H:$H,MATCH(A11,'1. Slug_Pagine statiche_ITA'!$A:$A,0)),"")} -> /servizi/ | E11: Trustee professionale e servizi per il trust | AG Trustees | F11: =IF(OR(E11="",E11="–"),"",LEN(E11)) -> 58 | G11: Istituzione e amministrazione del trust, incarichi di trustee, co-trustee e guardiano, contabilità e adempimenti fiscali: i servizi di AG Trustees. | H11: =IF(OR(G11="",G11="–"),"",LEN(G11)) -> 147 | I11: index, follow
A12: P08 | B12: Family office | C12: {=IFERROR(INDEX('1. Slug_Pagine statiche_ITA'!$H:$H,MATCH(A12,'1. Slug_Pagine statiche_ITA'!$A:$A,0)),"")} -> /servizi/family-office/ | E12: Family office e wealth planning | AG Trustees | F12: =IF(OR(E12="",E12="–"),"",LEN(E12)) -> 45 | G12: Coordinare il patrimonio familiare in una visione unitaria: che cos'è il family office, come funziona e quali vantaggi offre alla famiglia. | H12: =IF(OR(G12="",G12="–"),"",LEN(G12)) -> 139 | I12: index, follow
A13: P09 | B13: Trust | C13: {=IFERROR(INDEX('1. Slug_Pagine statiche_ITA'!$H:$H,MATCH(A13,'1. Slug_Pagine statiche_ITA'!$A:$A,0)),"")} -> /trust/ | E13: Trust: cos'è, come funziona e a cosa serve | AG Trustees | F13: =IF(OR(E13="",E13="–"),"",LEN(E13)) -> 56 | G13: Che cos'è il trust, chi sono disponente, trustee, guardiano e beneficiari, quali beni si possono conferire e come funziona in Italia. | H13: =IF(OR(G13="",G13="–"),"",LEN(G13)) -> 133 | I13: index, follow
A14: P10 | B14: Patrimonio | C14: {=IFERROR(INDEX('1. Slug_Pagine statiche_ITA'!$H:$H,MATCH(A14,'1. Slug_Pagine statiche_ITA'!$A:$A,0)),"")} -> /patrimonio/ | E14: Tutela e passaggio generazionale del patrimonio | AG Trustees | F14: =IF(OR(E14="",E14="–"),"",LEN(E14)) -> 61 | G14: Protezione del patrimonio, passaggio generazionale, impresa di famiglia e persone fragili: come il trust può dare continuità al patrimonio. | H14: =IF(OR(G14="",G14="–"),"",LEN(G14)) -> 139 | I14: index, follow
A15: P11 | B15: AG Informa | C15: {=IFERROR(INDEX('1. Slug_Pagine statiche_ITA'!$H:$H,MATCH(A15,'1. Slug_Pagine statiche_ITA'!$A:$A,0)),"")} -> /ag-informa/ | E15: AG Informa: notizie su trust, fiscalità e patrimonio | F15: =IF(OR(E15="",E15="–"),"",LEN(E15)) -> 52 | G15: Articoli, notizie ed eventi per seguire l'evoluzione della normativa su trust, successioni, fiscalità e passaggio generazionale. | H15: =IF(OR(G15="",G15="–"),"",LEN(G15)) -> 128 | I15: index, follow
A16: P12 | B16: Articolo (template) | C16: {=IFERROR(INDEX('1. Slug_Pagine statiche_ITA'!$H:$H,MATCH(A16,'1. Slug_Pagine statiche_ITA'!$A:$A,0)),"")} -> /ag-informa/[slug-articolo]/ | E16: {Titolo articolo} | AG Trustees | F16: =IF(OR(E16="",E16="–"),"",LEN(E16)) -> 31 | G16: {Risposta breve answer-first, 120–155 caratteri} | H16: =IF(OR(G16="",G16="–"),"",LEN(G16)) -> 48 | I16: index, follow
... A29: P25 | B29: Pagina 404 | C29: {=IFERROR(INDEX('1. Slug_Pagine statiche_ITA'!$H:$H,MATCH(A29,'1. Slug_Pagine statiche_ITA'!$A:$A,0)),"")} -> – | E29: Pagina non trovata | AG Trustees | F29: =IF(OR(E29="",E29="–"),"",LEN(E29)) -> 32 | G29: – | H29: =IF(OR(G29="",G29="–"),"",LEN(G29)) | I29: noindex
